ciudad,dia_semana,nombre_dia,hora,CO,NO2,O3,PM25,SO2
CDMX,0,Monday,0,0.2884400214179947,0.019298402318410457,0.01763084244108201,15.7687070808052,0.00277112799961779
CDMX,0,Monday,1,0.2457588825578784,0.01788130128378469,0.017111747634853756,16.034665885386744,0.002879001826414126
CDMX,0,Monday,2,0.22031770392601951,0.016929045509181374,0.016336807037086298,15.727883080310443,0.0030142397823766836
CDMX,0,Monday,3,0.21932244222861888,0.017184879105827725,0.014923373626029737,15.933190143867536,0.0031107472845863086
CDMX,0,Monday,4,0.26439078554764617,0.019458525230916776,0.011850265827926327,16.47564228224013,0.0030975920907928803
CDMX,0,Monday,5,0.40936481697378396,0.02321149791558932,0.008287993187487089,17.425044512277037,0.003037824223563867
CDMX,0,Monday,6,0.6667193647627191,0.02608982386269964,0.005998321616953769,19.1791984238275,0.0031415745288752785
CDMX,0,Monday,7,0.848593269374244,0.027004915098587323,0.0075607384079095724,20.72186845278772,0.003799267350170143
CDMX,0,Monday,8,0.7598219526924826,0.02809360354145483,0.01372793534867969,22.23168793284327,0.0045487322629325635
CDMX,0,Monday,9,0.6082528730496629,0.02830173110310077,0.023584866664692342,24.089871479586144,0.004650320444807894
CDMX,0,Monday,10,0.48826489917249477,0.02571780026540984,0.03598146215034074,24.831756136962582,0.00424220044395881
CDMX,0,Monday,11,0.37870991853102226,0.021056230867429988,0.048717565519159144,24.084022540744826,0.0035077073827156574
CDMX,0,Monday,12,0.29935253027772224,0.016600896827778936,0.059075330610376404,22.029329580675736,0.002844827878777952
CDMX,0,Monday,13,0.25524066816457835,0.013824613962719954,0.06510231602163545,20.181296173032596,0.002569044791137324
CDMX,0,Monday,14,0.23618735316828326,0.012825787679277133,0.06600972450597822,19.41184835495073,0.0024359125872638913
CDMX,0,Monday,15,0.23231878020139515,0.013072315789504093,0.0628310578024656,19.112416219401513,0.0023573538844741324
CDMX,0,Monday,16,0.24400943844516643,0.01424574868280232,0.05645398438731341,18.807353457251647,0.002314148879208181
CDMX,0,Monday,17,0.27898168388558325,0.01688851737969813,0.046875370326369924,18.065212629878918,0.0021254732430504492
CDMX,0,Monday,18,0.3413048162646863,0.020861204508197922,0.03603309448452329,17.595305274790572,0.002003880236747771
CDMX,0,Monday,19,0.37912503722805807,0.02303825771967947,0.02870209642898537,17.090734728526616,0.0019756305901803784
CDMX,0,Monday,20,0.386840459757536,0.023926505368296918,0.024186680613179808,16.509583212063266,0.0020404469805124026
CDMX,0,Monday,21,0.3848812781981073,0.024464265246219596,0.020769011483321755,16.234988221322617,0.002262352901933127
CDMX,0,Monday,22,0.3714459926265888,0.024199885484514284,0.018378573567725046,16.16801302612671,0.002661484983876534
CDMX,0,Monday,23,0.33505871969808326,0.022926816668456522,0.017042082321406478,15.881145266874906,0.0029580747493745093
CDMX,1,Tuesday,0,0.2880939301896288,0.02138406966240576,0.016101416309730724,16.52773730973617,0.003057724846614956
CDMX,1,Tuesday,1,0.24953472025184142,0.02003697143095965,0.015364822574774489,16.794129472017715,0.0030026784124344654
CDMX,1,Tuesday,2,0.22490117356196276,0.019058427284820625,0.014514435054910985,16.709696056210415,0.0029285289978605946
CDMX,1,Tuesday,3,0.22391821488929678,0.01904494521111317,0.01332986562229615,17.01269565762689,0.0027397143922718303
CDMX,1,Tuesday,4,0.27293899650698084,0.021110148362564637,0.010538279483036336,17.57244013670253,0.0026354030324126127
CDMX,1,Tuesday,5,0.4358231436671605,0.02453798667554415,0.007297556773887594,18.77302990328283,0.0026899558213956927
CDMX,1,Tuesday,6,0.7061219975384536,0.026996977999253914,0.00544060634143621,20.369315092820038,0.0029332036839016546
CDMX,1,Tuesday,7,0.9169843739132723,0.028141905620050815,0.007022762629864765,22.116761924612177,0.0036325368677168246
CDMX,1,Tuesday,8,0.823049591359107,0.030031669563884866,0.013113516499748118,23.89030322040535,0.004651174993085348
CDMX,1,Tuesday,9,0.644171143775606,0.03047593690543646,0.023495911758327024,25.627896519360792,0.004910552743610028
CDMX,1,Tuesday,10,0.5058446614367349,0.027545160992775267,0.036662023390394115,26.228433663161518,0.004458041706012714
CDMX,1,Tuesday,11,0.39025222425694356,0.022384449363585843,0.049845055103385834,24.985352959338762,0.003591686318065883
CDMX,1,Tuesday,12,0.30995289266088816,0.017572525314377415,0.06041988650088178,22.97172827892064,0.0029066573468299233
CDMX,1,Tuesday,13,0.26003563590447487,0.014441431820357113,0.06645989970989036,20.827082098591564,0.0024652926361934404
CDMX,1,Tuesday,14,0.23357296019081292,0.013114903753166702,0.0671844364669786,19.34860015682362,0.0022096490239135354
CDMX,1,Tuesday,15,0.2271121636731943,0.013132941389788736,0.06361525497330231,18.661233585549,0.0021472938825531813
CDMX,1,Tuesday,16,0.23685187908980543,0.014243615340565662,0.05693420236567321,18.206444059761115,0.0021632417877844663
CDMX,1,Tuesday,17,0.27152533746294605,0.016850033086645816,0.04684846705681459,18.039840008606244,0.002169775013334006
CDMX,1,Tuesday,18,0.3373643813006066,0.0209430903738831,0.03578745134799254,17.572341124143993,0.0021239253536337933
CDMX,1,Tuesday,19,0.3762734344869985,0.02322508114677486,0.02847340237701595,16.871395209215038,0.0020833193605838767
CDMX,1,Tuesday,20,0.38980439715810955,0.024270252258909202,0.023917418422873576,16.627234489572572,0.0021843477331040797
CDMX,1,Tuesday,21,0.38940515614608084,0.02475536681704525,0.020507894326644845,16.559712904107677,0.002354118256567455
CDMX,1,Tuesday,22,0.3778050304878574,0.024499657675118146,0.01820866943160686,16.330310213140454,0.0026403167671474543
CDMX,1,Tuesday,23,0.33917196456841114,0.02349711440110215,0.017047293699870195,16.134685121590834,0.0028907814655265668
CDMX,2,Wednesday,0,0.297149413914297,0.021766046995646333,0.016324217102456868,16.800136487637378,0.0028823857751190756
CDMX,2,Wednesday,1,0.2578729978664478,0.020326065541820912,0.015721564169230613,16.892468185383027,0.002842245485651474
CDMX,2,Wednesday,2,0.2330283295532315,0.019403261407737606,0.014827337404285934,16.986578734266985,0.0027740907057666746
CDMX,2,Wednesday,3,0.22487721775871725,0.019275832589186012,0.0134143047678269,17.262384426185534,0.0027881696988938404
CDMX,2,Wednesday,4,0.2679411078396165,0.021109690256170988,0.010813641246302227,17.963317696900575,0.002790633617928112
CDMX,2,Wednesday,5,0.4200014506301769,0.024472410523657347,0.007545193388440033,19.233778185027695,0.0029112454117414793
CDMX,2,Wednesday,6,0.689229265989973,0.02699311682060202,0.005565470275855304,21.021173979596725,0.003158779518885001
CDMX,2,Wednesday,7,0.8910516191994523,0.027844406034047836,0.007229683619105766,22.53578147305328,0.003823116716700741
CDMX,2,Wednesday,8,0.7888273556861606,0.02937410958927674,0.013377489601473256,24.20937059637462,0.004721691645552406
CDMX,2,Wednesday,9,0.6222615355272179,0.029750228798637066,0.02358573118914115,26.079225805253348,0.004903365992492191
CDMX,2,Wednesday,10,0.4934877862222628,0.027035493585829285,0.036482974445207726,26.94106289217006,0.0045214406872844766
CDMX,2,Wednesday,11,0.3828900875588242,0.022014704421837474,0.04969244538876701,25.224830242942144,0.0036657390301745056
CDMX,2,Wednesday,12,0.3058610351473008,0.017353996797941047,0.060090665716600176,23.184587465097948,0.0029305026873591438
CDMX,2,Wednesday,13,0.2640902875051612,0.014671917080715089,0.06630529035328539,21.203541142353817,0.0025788965174267835
CDMX,2,Wednesday,14,0.24190039960876958,0.013463857233234842,0.06766864316081614,20.203470263915175,0.002457987465543097
CDMX,2,Wednesday,15,0.23424508058090707,0.013433416446505182,0.06474718012430167,19.64101259793984,0.0024755654520133884
CDMX,2,Wednesday,16,0.24776638335027584,0.014714287539634304,0.0580125247991084,19.448257268121775,0.0024822423100379215
CDMX,2,Wednesday,17,0.2846571029365293,0.017329530554424984,0.04762498979471816,18.711866704737954,0.0024126762380386447
CDMX,2,Wednesday,18,0.3486605222167653,0.021225376290889733,0.036236647292353305,18.13436711912033,0.0022988062030455895
CDMX,2,Wednesday,19,0.38831422681505745,0.02338153956411122,0.028658662661723993,17.370714115112,0.002063085905475375
CDMX,2,Wednesday,20,0.4021930772130694,0.0244043085718698,0.02391632385435409,17.046614998236826,0.001979480822674806
CDMX,2,Wednesday,21,0.4047004837921345,0.024954065257834418,0.02049914432345644,16.886484178441318,0.0021258204047414388
CDMX,2,Wednesday,22,0.38803913858162503,0.024452267312080323,0.0184819664005419,16.694427651041295,0.0023836352258064016
CDMX,2,Wednesday,23,0.3481207802012711,0.023249971732288384,0.017633031080885382,16.404050278435978,0.0027078165126409805
CDMX,3,Thursday,0,0.3047614921045756,0.021345824600930652,0.017292195708996788,16.89517578725347,0.0027662094652809274
CDMX,3,Thursday,1,0.26433497519860577,0.019894244292760453,0.01663802669421346,16.92684422888108,0.0026914039131224277
CDMX,3,Thursday,2,0.23723139271580226,0.0190083770748001,0.015730132410358064,16.9594769379221,0.002609888589718215
CDMX,3,Thursday,3,0.22409196001876672,0.019037654726453794,0.014052454314811096,17.193297484756418,0.002654192792761439
CDMX,3,Thursday,4,0.26327319369005076,0.020956631166516835,0.011390564436214643,17.875649889797074,0.002622856055771907
CDMX,3,Thursday,5,0.40745547839879076,0.024369874798759395,0.008077715491023684,18.888199400520136,0.0027126716705869543
CDMX,3,Thursday,6,0.67734141938497,0.026979524519315984,0.006102375873667518,20.487950346679128,0.0029814350941168902
CDMX,3,Thursday,7,0.882871196089355,0.02789637868842405,0.007627388009993396,22.123285356503484,0.0037538237454647115
CDMX,3,Thursday,8,0.8013342220565132,0.029440375435450656,0.013552623648931715,23.832084928075282,0.0047445264672927095
CDMX,3,Thursday,9,0.6429870344486456,0.03032565063905738,0.023438686440958957,25.85916064409134,0.005038629462165983
CDMX,3,Thursday,10,0.5132890595801151,0.027992894281015052,0.03630633978491192,26.641423406120836,0.0045802147700418185
CDMX,3,Thursday,11,0.3945893744011906,0.02276750974663918,0.04974265329248393,25.60770578055906,0.0037382669515651956
CDMX,3,Thursday,12,0.3129207330057113,0.017914924075123472,0.06050154519178097,23.476882538554275,0.0029844463894393974
CDMX,3,Thursday,13,0.26608101179228205,0.014902585434514237,0.06680114092300103,21.66735199978946,0.0026058832140244703
CDMX,3,Thursday,14,0.24159064838586425,0.01349173998869899,0.0680118805362355,20.154258983543084,0.002435791158946248
CDMX,3,Thursday,15,0.2364265007078833,0.0135072516837436,0.06466387778178743,19.52956884550511,0.0023804032908106634
CDMX,3,Thursday,16,0.2466384354523782,0.014675721180305861,0.05778059691362715,18.690719628954923,0.0023582381839998365
CDMX,3,Thursday,17,0.28504495179964734,0.017385384907837944,0.04804071499212926,18.470946507761035,0.0023521223461292233
CDMX,3,Thursday,18,0.3512476855886588,0.021667402632963864,0.0361988769590048,18.282176883094998,0.0022700249690033683
CDMX,3,Thursday,19,0.3813280291238595,0.023411307098939616,0.028600872350460306,17.773607353584936,0.002125279400678658
CDMX,3,Thursday,20,0.39407351881858493,0.024164340688766682,0.02384399357471782,17.219926128628224,0.002178632593616255
CDMX,3,Thursday,21,0.3982343551056727,0.02464904865352159,0.02048552698049194,17.037893170209635,0.0023929362245765076
CDMX,3,Thursday,22,0.38824238965949387,0.024439706784620333,0.018222462054173647,16.969588057429682,0.0026020192587043888
CDMX,3,Thursday,23,0.3544210830269476,0.02329888969404692,0.01698627880701835,16.61710224697218,0.0029163064799386297
CDMX,4,Friday,0,0.306409495635973,0.02176195814381833,0.01607196837586958,16.887320647205527,0.0030855016382338096
CDMX,4,Friday,1,0.2647036783494537,0.02050942835225396,0.015278316418684709,17.00061027983611,0.003092241396016757
CDMX,4,Friday,2,0.24080062212954292,0.019670676820546674,0.014366439104953454,16.955658276396417,0.0032228716145681416
CDMX,4,Friday,3,0.23658914720842458,0.01946804771604483,0.013403524640656176,17.323672268201822,0.003009750095870557
CDMX,4,Friday,4,0.2766484146816416,0.021245200024038666,0.010898776043368535,18.261793162095195,0.0028916008918833916
CDMX,4,Friday,5,0.4188049001245199,0.024383660317610835,0.007768046556882867,19.324652603626216,0.0029674237743222112
CDMX,4,Friday,6,0.6771797766082597,0.02684083707164119,0.005803259991867201,21.076459845028133,0.0031591331309493336
CDMX,4,Friday,7,0.8665132448551054,0.02757361937475037,0.007465904970441939,22.425810872331905,0.00381631334983767
CDMX,4,Friday,8,0.7783415682223855,0.028987730253039724,0.013558685217802725,23.819502345219846,0.0047266729475751714
CDMX,4,Friday,9,0.6229208350216199,0.02976593132061341,0.023472092485425294,25.548563934878924,0.004887475737961156
CDMX,4,Friday,10,0.49419333550907896,0.02720818823282663,0.036253154848129555,25.969331231569676,0.0043074755308791434
CDMX,4,Friday,11,0.3903183155197642,0.022564441199676273,0.04915393486655094,25.194168079886115,0.003520250635821487
CDMX,4,Friday,12,0.3115031619791985,0.01802511692104275,0.05972181634724122,23.391760732193458,0.002950587300870818
CDMX,4,Friday,13,0.2676474525118974,0.015016774402767268,0.06624450011572434,21.58049232057853,0.002580591186461627
CDMX,4,Friday,14,0.24661094278224435,0.013769771849758227,0.0677775236933638,20.465677147132876,0.0025066414486268973
CDMX,4,Friday,15,0.24258263330959473,0.013828547546931979,0.06493456369615923,19.837381309372518,0.002498153366266409
CDMX,4,Friday,16,0.25867537287383424,0.015111915772911095,0.058124035795249225,19.311004419853305,0.0023824373227447617
CDMX,4,Friday,17,0.2990726435765546,0.01797341195822254,0.04735578517693009,18.61481479373147,0.0023607602150402954
CDMX,4,Friday,18,0.35699172115986383,0.021504953197113468,0.03568095449626189,18.020803938343793,0.002324846222385734
CDMX,4,Friday,19,0.39824809598257155,0.0235917574170627,0.02802890616114898,17.403401460153443,0.0022503145160465633
CDMX,4,Friday,20,0.41834880864944307,0.024754565317429634,0.022977826731585823,17.01494923473723,0.0022792495562152537
CDMX,4,Friday,21,0.42499773790441087,0.02535383543651003,0.019493556788947607,16.88429959441489,0.0025072184395842634
CDMX,4,Friday,22,0.4207721556201634,0.025245128342295326,0.017142158433504053,17.005520369838365,0.0027864256806476905
CDMX,4,Friday,23,0.4046026188450986,0.024866349885917582,0.015393653579572626,16.943959599799694,0.0031604531747681354
CDMX,5,Saturday,0,0.3774100140191913,0.02372445660285262,0.014314426153016363,17.633757112396665,0.0033249595467838722
CDMX,5,Saturday,1,0.34546400638408675,0.02242633823060164,0.013609697865009223,18.054483749435885,0.003435071192056552
CDMX,5,Saturday,2,0.31228520728501447,0.021337129353096847,0.012816583200947357,18.325821668403783,0.0034898299635509763
CDMX,5,Saturday,3,0.2927274675945617,0.020641503588855,0.012059930871161046,18.514935909503276,0.003243775834763232
CDMX,5,Saturday,4,0.3203176146132891,0.02169389605200409,0.010072715405296737,19.0190271343144,0.003220708124302887
CDMX,5,Saturday,5,0.4134368652615007,0.023619705763217255,0.007784860106565275,19.950127938052745,0.00326642087716822
CDMX,5,Saturday,6,0.5805739394043747,0.02546779051443923,0.006148951636449449,21.274909111293937,0.0033671347846870076
CDMX,5,Saturday,7,0.7149476859098672,0.026305670837315852,0.007701234683774281,23.14894448602324,0.0040742788890074655
CDMX,5,Saturday,8,0.6628834568624304,0.027575425562429836,0.014089897077639241,25.007300424949264,0.0054056728075686416
CDMX,5,Saturday,9,0.5471358881438388,0.027848587979930332,0.024480100111097015,27.386170379489567,0.005760111455000288
CDMX,5,Saturday,10,0.44543861404952395,0.025426932262460917,0.037682723753533695,28.12621238478192,0.00523389646041239
CDMX,5,Saturday,11,0.349155388737518,0.020715810454932437,0.051336288513050256,26.871542630484484,0.0041733581990431295
CDMX,5,Saturday,12,0.27658350069595583,0.016102701378532674,0.06210895909556484,24.392821131926947,0.003320846814077681
CDMX,5,Saturday,13,0.23556379827190585,0.013192326142876892,0.06820019307106802,22.53253017860861,0.002896022494997091
CDMX,5,Saturday,14,0.21768493214113643,0.011907763339146822,0.06965704108673951,21.008231031394356,0.0027322845775492022
CDMX,5,Saturday,15,0.2136993229106773,0.011753482475257843,0.06724832222397407,20.00477405266959,0.0027020546825872274
CDMX,5,Saturday,16,0.2221159239688833,0.012528055318211231,0.0606015296791999,19.38752859153468,0.0026178451909908192
CDMX,5,Saturday,17,0.2509783831757442,0.014576140050778362,0.050899708354649326,18.888921365536078,0.0026080029776439687
CDMX,5,Saturday,18,0.30202888437812075,0.017988235098856765,0.03988441243415763,18.62749322766404,0.002383605190981824
CDMX,5,Saturday,19,0.340388375299383,0.020118468171939255,0.03183923033815471,18.218817073059363,0.002042036858193669
CDMX,5,Saturday,20,0.3576654420801309,0.021090461454852563,0.02681400527257538,17.5577253514173,0.001988644223696155
CDMX,5,Saturday,21,0.376195519965592,0.021903607465780676,0.02309713397320619,17.370341209025778,0.0021438917017667877
CDMX,5,Saturday,22,0.3868844044312556,0.022346756910767655,0.02020367124739237,17.511623533742853,0.0024009395868908787
CDMX,5,Saturday,23,0.38131763537817226,0.022281275216069936,0.018148669709761835,17.078003841506032,0.002705938445684005
CDMX,6,Sunday,0,0.359048244833574,0.021090684721250735,0.016703703658760127,17.58159678233163,0.0028224623821968505
CDMX,6,Sunday,1,0.3373101234565897,0.020057886109620993,0.01572676276761897,17.84410437872192,0.003014149444999323
CDMX,6,Sunday,2,0.3169397671262641,0.019089957443231397,0.01473466137007976,17.817099067600385,0.0029789686383621156
CDMX,6,Sunday,3,0.3057379348524901,0.01878468926413687,0.013921905746075247,18.0111718360673,0.002969623211114396
CDMX,6,Sunday,4,0.3093947922290308,0.018912975316589645,0.012495152257920394,18.227784135221146,0.002940477163541732
CDMX,6,Sunday,5,0.3638997350994453,0.020373269393056566,0.010329530563818695,18.684388026507968,0.002918670639301158
CDMX,6,Sunday,6,0.47988596987057003,0.022094962600776764,0.008399968165190782,19.39703147834798,0.00294630278639441
CDMX,6,Sunday,7,0.5766888182465876,0.022218977394626097,0.01022293308214667,20.492479449666472,0.003536185098875437
CDMX,6,Sunday,8,0.5408580370736975,0.022406240419316274,0.017402201172280255,22.09064509537847,0.0047416750373868
CDMX,6,Sunday,9,0.45577934329586545,0.021952580115933776,0.02856558994054869,24.55226235657092,0.005140471728922186
CDMX,6,Sunday,10,0.3733974855899924,0.019290091614075428,0.04195661972700156,25.178878023536576,0.0047662110567093996
CDMX,6,Sunday,11,0.288785887545826,0.015081508387713159,0.054294862599530556,23.256947304932698,0.003856076377736397
CDMX,6,Sunday,12,0.22648973661243615,0.011600799580846519,0.06314087668334269,20.997443730236157,0.003171906156712818
CDMX,6,Sunday,13,0.19811824791551216,0.009838926569197142,0.0678416820325802,19.400426364760374,0.0027819703336072065
CDMX,6,Sunday,14,0.1867702689679424,0.009304564958737152,0.06829113085398598,18.511619851547255,0.0025848214420077817
CDMX,6,Sunday,15,0.18598147783148206,0.009397387811092154,0.06514135439066869,18.14394234822467,0.0025013217919409004
CDMX,6,Sunday,16,0.1979695332206565,0.01028230392080081,0.05873205785038424,18.27129708882271,0.002509641472176968
CDMX,6,Sunday,17,0.23361153670778692,0.012454384842528103,0.04994608992152121,17.844209482754373,0.0024817736174194784
CDMX,6,Sunday,18,0.2902597615412713,0.015940417946218113,0.03947867032605396,17.471579039825723,0.002289203997957813
CDMX,6,Sunday,19,0.32437908336042676,0.01818882298829306,0.03162271152740168,16.528747953959243,0.0020124311605016405
CDMX,6,Sunday,20,0.3415472750897519,0.019481228324167117,0.026714330049430822,15.899639060926027,0.0020008357323940797
CDMX,6,Sunday,21,0.35405553302589077,0.02064392695354849,0.022992161188519735,15.775975673750219,0.0021422213452892435
CDMX,6,Sunday,22,0.3534162237405057,0.021093029820556886,0.020335586513043652,15.68005795510822,0.0024461454831647025
CDMX,6,Sunday,23,0.33287893927732815,0.02055820954791822,0.01868528656010686,15.613565397951186,0.002606153841092189
Guadalajara,0,Monday,0,0.7397917968989397,0.013366773005498496,0.019602653674082246,24.076068895643363,0.002244217136692865
Guadalajara,0,Monday,1,0.6382185603971319,0.011406878306878308,0.01961623153766011,23.41527165932452,0.002225383341038681
Guadalajara,0,Monday,2,0.6059449806949807,0.010768037518037519,0.01885311025311025,22.17113475177305,0.002134733780243489
Guadalajara,0,Monday,3,0.5968874027088313,0.0104928983714698,0.017652909542195255,22.524151849581035,0.002142076976421637
Guadalajara,0,Monday,4,0.6223685113685113,0.012182101359062144,0.015621621621621623,22.518588579499596,0.0021406168130682695
Guadalajara,0,Monday,5,0.7395645339216768,0.01565580550401979,0.01195021296807011,24.533176957223567,0.0022204519186315302
Guadalajara,0,Monday,6,1.0271387509958938,0.020457817975675117,0.008116711098853957,29.34806484295846,0.0025067306210510096
Guadalajara,0,Monday,7,1.4081180364037507,0.024083846114203257,0.0064065529815529815,33.83536622276029,0.002908050161812298
Guadalajara,0,Monday,8,1.3340711527854385,0.02495967326324469,0.009401843169700313,39.23654710811363,0.0031931204026325976
Guadalajara,0,Monday,9,0.9610515415140416,0.02197149556792414,0.017445775877918734,38.74983789260385,0.003012995552488306
Guadalajara,0,Monday,10,0.7337271825396826,0.01777064780457638,0.02765944107372679,31.58633232016211,0.0027115903688367457
Guadalajara,0,Monday,11,0.6261712018140589,0.014046369305297879,0.037694041490470065,24.8493842364532,0.0025346278317152104
Guadalajara,0,Monday,12,0.5616561660561661,0.011060912698412698,0.045929437090151376,21.407183908045976,0.0023899988497814587
Guadalajara,0,Monday,13,0.5380300824175824,0.009737963821892393,0.05149487344487344,19.51222803776683,0.0022914404570201674
Guadalajara,0,Monday,14,0.5194417735042735,0.008900891568748712,0.05410551265551265,19.378355911330047,0.0022147323824860056
Guadalajara,0,Monday,15,0.5147191697191696,0.00842346423417852,0.05419598424955568,19.200271962233167,0.002148845947396672
Guadalajara,0,Monday,16,0.5244343101343101,0.008835088126159555,0.05192648464791322,19.81831113801453,0.002153709454796411
Guadalajara,0,Monday,17,0.5612434577434579,0.010553161719233147,0.04687468131396703,20.385184624697334,0.002162182154415164
Guadalajara,0,Monday,18,0.7099182970345761,0.01568103999175428,0.03683219954648526,22.53794832826748,0.002269620596205962
Guadalajara,0,Monday,19,0.8795051987203151,0.02086164192949907,0.02727701476987191,26.437876070930464,0.002447882307394503
Guadalajara,0,Monday,20,0.9263735080595545,0.02263234384662956,0.022473550591407734,29.5929617453676,0.0025767247386759584
Guadalajara,0,Monday,21,0.8892546757721176,0.02169423830138116,0.02068477661334804,31.93001013171226,0.0026226616337591945
Guadalajara,0,Monday,22,0.8252425864402609,0.0191063801278087,0.020464179996322853,29.622915410890094,0.0026605826558265583
Guadalajara,0,Monday,23,0.750515811965812,0.01635657081014224,0.020310558006986577,27.129156662665068,0.002554976612222989
Guadalajara,1,Tuesday,0,0.6712402998236332,0.013980249507210293,0.02020876984126984,25.838933531746033,0.0023105425824175825
Guadalajara,1,Tuesday,1,0.5977304019947698,0.012109331966782298,0.019973617216117217,23.282437888198757,0.002295270528083028
Guadalajara,1,Tuesday,2,0.5810361552028219,0.011405194805194805,0.019265819597069595,23.444432918395574,0.0021962759462759466
Guadalajara,1,Tuesday,3,0.5876712126740862,0.011278450319521748,0.018013954517704517,23.727889745109664,0.0021859222374847375
Guadalajara,1,Tuesday,4,0.6173213221431612,0.013058493094207379,0.01593296855921856,24.493929065402096,0.002246546855921856
Guadalajara,1,Tuesday,5,0.7208563218390804,0.016645900329828902,0.012356846764346764,26.618133768030035,0.002359140338827839
Guadalajara,1,Tuesday,6,0.999781898072128,0.020819395485466914,0.008452838827838828,31.151587301587302,0.002622369123931624
Guadalajara,1,Tuesday,7,1.4008501489995742,0.024743009173366318,0.006426684981684982,37.12752914443786,0.0030804563492063492
Guadalajara,1,Tuesday,8,1.3437591376269538,0.02547183570397856,0.009392304639804639,42.05872348939576,0.003463188721001221
Guadalajara,1,Tuesday,9,0.9884342881469318,0.022793197278911565,0.017739247557997558,42.32305922368948,0.003358812194749695
Guadalajara,1,Tuesday,10,0.7559730432402847,0.018270732838589984,0.028358558353098584,35.20460618846695,0.002926738018925519
Guadalajara,1,Tuesday,11,0.6334827130085752,0.014640842094413523,0.03833664477285167,28.382897669706182,0.002611649114774115
Guadalajara,1,Tuesday,12,0.5778929331630481,0.012048026180169038,0.047004734537493154,23.436560283687943,0.002421160810602558
Guadalajara,1,Tuesday,13,0.5453737332112332,0.010293202432488147,0.05287736726874658,21.28127017756255,0.0023214808362369338
Guadalajara,1,Tuesday,14,0.5213030982905984,0.008916254380540094,0.055262181475399866,20.3181032750653,0.0021879074719318623
Guadalajara,1,Tuesday,15,0.5115390567765568,0.008484657802514946,0.05459417381256462,20.026775539275537,0.0021328459701032516
Guadalajara,1,Tuesday,16,0.5245749847374848,0.008820341166769738,0.05197870674451135,19.69125633232016,0.0021372534288796427
Guadalajara,1,Tuesday,17,0.5650619963369964,0.010574680478251906,0.04688484613513349,21.35641756702681,0.002109500693481276
Guadalajara,1,Tuesday,18,0.712109996947497,0.015065061327561328,0.03712663139329806,22.45286819369098,0.002182701494837417
Guadalajara,1,Tuesday,19,0.8823364926739927,0.020190434961863533,0.027515544608648055,26.623549419767905,0.002337577053475112
Guadalajara,1,Tuesday,20,0.9006959249084249,0.021193225623582765,0.022765939913641065,29.047463985594238,0.002521871628910464
Guadalajara,1,Tuesday,21,0.8737058302808303,0.019968251391465675,0.021011590038314175,29.297261904761907,0.0025215325936199726
Guadalajara,1,Tuesday,22,0.8329202380952381,0.017693107091321377,0.020508841148208966,30.4165421398685,0.0025412120511635076
Guadalajara,1,Tuesday,23,0.7455591133004926,0.015449518140589568,0.020798580586080584,27.908572424785813,0.002471833064949007
Guadalajara,2,Wednesday,0,0.6888089722375437,0.013197201473181864,0.020479568854568853,26.792523411038058,0.0024380124056094933
Guadalajara,2,Wednesday,1,0.614009065934066,0.011408335944026732,0.02022977875835019,24.594147703329117,0.002378688935120974
Guadalajara,2,Wednesday,2,0.5976044566544566,0.010930299707602339,0.01954289098068168,24.738961038961037,0.002340666897827092
Guadalajara,2,Wednesday,3,0.5895731074481074,0.010999255628177197,0.018194419930134216,24.337422793385134,0.0022721393897364773
Guadalajara,2,Wednesday,4,0.6223891636141636,0.012354554414358336,0.015843800943800942,25.333975498913258,0.002343637309292649
Guadalajara,2,Wednesday,5,0.7302542582417583,0.015725591347650173,0.012286031439602867,27.93375147579693,0.002473191169671752
Guadalajara,2,Wednesday,6,1.0166433455433457,0.019960457516339868,0.008919696690045527,30.25910887176447,0.002760068962860225
Guadalajara,2,Wednesday,7,1.4054891483516483,0.023792104990144204,0.007079893669179383,35.36117670208579,0.0031850843735552474
Guadalajara,2,Wednesday,8,1.3688782967032966,0.025077277207179168,0.00978411472697187,40.17323157478759,0.0035128120665742025
Guadalajara,2,Wednesday,9,0.9984372100122099,0.022362965556593006,0.017881136238279097,38.448342188114914,0.0033613885036215137
Guadalajara,2,Wednesday,10,0.7493218711843712,0.01796854186118892,0.02840954219525648,32.935812672176304,0.002940805594082293
Guadalajara,2,Wednesday,11,0.6224691697191698,0.013953130511463845,0.038263395538395535,26.04263612618043,0.0026389697950377562
Guadalajara,2,Wednesday,12,0.5654141636141636,0.011442776740325759,0.04657559753631182,22.804358353510896,0.002388339882878718
Guadalajara,2,Wednesday,13,0.5393580891330891,0.009877227928208322,0.052221263099834526,20.966231003039514,0.0022678687008784097
Guadalajara,2,Wednesday,14,0.5236831807081807,0.008819345886502749,0.054002410063124354,20.653134418324292,0.0022056846201263676
Guadalajara,2,Wednesday,15,0.520802793040293,0.008562830687830689,0.05345408622908623,19.40208706913728,0.00212207582061951
Guadalajara,2,Wednesday,16,0.5293404914529914,0.00883346042120552,0.05124863485934915,19.824939975990393,0.0021252369394359687
Guadalajara,2,Wednesday,17,0.5737660866910866,0.010605348065151987,0.04660154593368879,20.907999601514245,0.002170874951606659
Guadalajara,2,Wednesday,18,0.728195985958486,0.01578816785973649,0.03724867163081449,23.03206845238095,0.002210504314994606
Guadalajara,2,Wednesday,19,0.918545405982906,0.020603550679531072,0.02792618434761292,27.17223534041716,0.0023819309600863
Guadalajara,2,Wednesday,20,0.9394572039072039,0.022207000207490404,0.022829634736777595,31.688648488441018,0.0024281668978270925
Guadalajara,2,Wednesday,21,0.9082073717948718,0.02146005031642287,0.02044249402463688,31.354997060552616,0.0025466144018583044
Guadalajara,2,Wednesday,22,0.8796002899877899,0.01888293910156655,0.01998781179138322,28.485237111373475,0.002593966318234611
Guadalajara,2,Wednesday,23,0.7963815192743764,0.01659988069301795,0.020156238891953178,26.810906139315232,0.002544103482817075
Guadalajara,3,Thursday,0,0.7292866758241758,0.01475246394854238,0.01982332076974934,25.47202135998432,0.0025052488306111496
Guadalajara,3,Thursday,1,0.6486119505494505,0.012260511982570806,0.0194835386406815,24.82501539408867,0.0023971321217698027
Guadalajara,3,Thursday,2,0.6345534188034188,0.01189367154269115,0.018779964147821293,24.540466392318244,0.0023348784602407794
Guadalajara,3,Thursday,3,0.636306105006105,0.011893850503164228,0.017450297236011523,24.974585062240664,0.002318397745571659
Guadalajara,3,Thursday,4,0.6660782814407814,0.013013520593422555,0.015510987007415579,25.847362181387076,0.0024045318610536
Guadalajara,3,Thursday,5,0.7752685236256665,0.016173192239858906,0.012125461175461174,27.850863583138175,0.002474163969795038
Guadalajara,3,Thursday,6,1.0672773947416805,0.020566147940657743,0.008665289268860697,31.33760043111895,0.002760646863923563
Guadalajara,3,Thursday,7,1.4635851872280443,0.024259611992945327,0.006898878470307042,35.84202771272444,0.003250221528740946
Guadalajara,3,Thursday,8,1.410728978978979,0.025114399834007678,0.009599811546240117,40.48201058201058,0.003589389736477115
Guadalajara,3,Thursday,9,1.0025242691671263,0.022612350866272436,0.01771692253477968,40.76678522031219,0.003542390969332717
Guadalajara,3,Thursday,10,0.7730173649563185,0.01856239755161324,0.028211656554513697,33.67092757936508,0.0031997052704576976
Guadalajara,3,Thursday,11,0.6368655100283007,0.014617724867724866,0.038365676901391185,27.18362223550508,0.0027697284469343298
Guadalajara,3,Thursday,12,0.5847988141202427,0.012156323270048761,0.04691397622111908,22.924722558514933,0.0025281996455540144
Guadalajara,3,Thursday,13,0.5403665195808053,0.01041409119203237,0.05234784274069989,20.408804563492065,0.0023705925412236093
Guadalajara,3,Thursday,14,0.5223952472881045,0.009091163502438012,0.05465334773549059,19.430250049810716,0.002245057019571583
Guadalajara,3,Thursday,15,0.5138940828583686,0.008532135076252723,0.05427634522277379,18.768828856328856,0.0021836665896131915
Guadalajara,3,Thursday,16,0.5213272966844396,0.008944301794791991,0.05218598037406177,18.966839557399723,0.0021558849591616584
Guadalajara,3,Thursday,17,0.5642665318379604,0.010778288722896566,0.04721720960994216,20.05174337517434,0.0021737998921251347
Guadalajara,3,Thursday,18,0.7210360820003676,0.01609004305425874,0.03737015503875969,22.089354870578937,0.0022556345353675453
Guadalajara,3,Thursday,19,0.9226480357908929,0.021258756095030605,0.027766929678848282,27.366972930250938,0.0024065861457851752
Guadalajara,3,Thursday,20,0.9945669393883679,0.02314504357298475,0.02293422695951766,31.95926800472255,0.0025421000924641703
Guadalajara,3,Thursday,21,0.9859337653980511,0.02185661116298371,0.02065128737541528,33.73906342620035,0.0026832755432269996
Guadalajara,3,Thursday,22,0.9734115186615186,0.019661930698205207,0.019484036237233913,32.706456986086614,0.0027569521497919558
Guadalajara,3,Thursday,23,0.9013430402930402,0.018191389148251896,0.018999387005126305,30.288869292572997,0.002698268223146864
Guadalajara,4,Friday,0,0.7763582306796593,0.015908265455304927,0.018790612551326837,28.70949392309225,0.0025318563685636855
Guadalajara,4,Friday,1,0.6747896365753508,0.013404853884158519,0.01827666728189984,27.603066539115645,0.002395152505446623
Guadalajara,4,Friday,2,0.6685625574554146,0.01325718723893066,0.017791404669976096,26.088234126984126,0.0024029210220673637
Guadalajara,4,Friday,3,0.6650895078752221,0.012922151733500418,0.016986082000367712,26.01029761904762,0.002340199380565234
Guadalajara,4,Friday,4,0.6632410791189861,0.013596410296574771,0.0151490990990991,26.75761605897589,0.002354711328976035
Guadalajara,4,Friday,5,0.7582051293928725,0.01616829312865497,0.012162822516393945,27.95708829365079,0.0024588435374149663
Guadalajara,4,Friday,6,1.016352451704196,0.020284158312447786,0.008720072623644052,31.55795634920635,0.002687007858699035
Guadalajara,4,Friday,7,1.383285006767565,0.024124731098579783,0.006933232211803641,36.42526674570243,0.003149918300653595
Guadalajara,4,Friday,8,1.3295230158730158,0.025145885547201336,0.009712001287001287,40.28401075911536,0.0035397764741967644
Guadalajara,4,Friday,9,0.971293543956044,0.02200561560150376,0.017909185205613777,40.019975198412695,0.0033551338087569973
Guadalajara,4,Friday,10,0.7472216727716727,0.017512570488721804,0.028211037568180428,33.86636025718304,0.002983456023311096
Guadalajara,4,Friday,11,0.6190443376068376,0.01383796209273183,0.038186279646993934,26.47309923969588,0.0026313415382255966
Guadalajara,4,Friday,12,0.5723397893772894,0.011221637426900584,0.04628920910706625,22.220648259303722,0.0024044967185592185
Guadalajara,4,Friday,13,0.5473891330891331,0.009774827694235589,0.051724779371207945,20.917676311030743,0.0023179048382173384
Guadalajara,4,Friday,14,0.5250187423687424,0.008709847535505431,0.0545453667953668,20.248993055555555,0.0022224282661782663
Guadalajara,4,Friday,15,0.5222269078144078,0.008395123224728488,0.054197596065453206,19.41554121648659,0.0021524744352869355
Guadalajara,4,Friday,16,0.5257150946275947,0.008825083542188805,0.051752672059814916,19.29461546124726,0.002114600503663004
Guadalajara,4,Friday,17,0.5747884157509158,0.010682283834586465,0.046704110743396456,20.585714285714285,0.0021364583333333335
Guadalajara,4,Friday,18,0.7571000457875458,0.01629753289473684,0.03677687994116566,22.772909163665464,0.002235523504273504
Guadalajara,4,Friday,19,0.9904343016485874,0.021361936090225565,0.0270342388306674,27.40269974098426,0.0024356433555708917
Guadalajara,4,Friday,20,1.057243956043956,0.023383333333333332,0.02200662499233928,32.65852421137231,0.002587070741758242
Guadalajara,4,Friday,21,1.0324071428571429,0.02284706035923141,0.019769577741006312,34.42279411764706,0.0027471649877899877
Guadalajara,4,Friday,22,0.9888075396825398,0.021105447808262377,0.0189746996996997,32.68086234493798,0.00280941887973138
Guadalajara,4,Friday,23,0.9244343406593407,0.01846516083254494,0.01918086163405931,30.328108188882247,0.002759470390720391
Guadalajara,5,Saturday,0,0.8319670376451985,0.016563611370474116,0.018498878205128202,29.126340536214485,0.002527543116605617
Guadalajara,5,Saturday,1,0.7525679945054945,0.014427733395989975,0.017725868437118437,27.355186700230753,0.0024480465455103137
Guadalajara,5,Saturday,2,0.7234715811965812,0.013514257184355222,0.017171794871794873,26.921279139270773,0.002379963193006671
Guadalajara,5,Saturday,3,0.7195059371184371,0.012923712928153717,0.016224024725274726,27.256684598525606,0.0023893662295836208
Guadalajara,5,Saturday,4,0.7217928418803419,0.013338027360066835,0.014775259462759463,28.407371986451484,0.0024374261943102523
Guadalajara,5,Saturday,5,0.7955595390720391,0.01570396047307812,0.012107216117216118,29.129662283323373,0.002477159423640006
Guadalajara,5,Saturday,6,0.9922612179487179,0.019002015250544662,0.008907872405372406,32.281754230617864,0.002719419402065033
Guadalajara,5,Saturday,7,1.2288348748473747,0.021953358750907773,0.007419801587301587,35.54505608028335,0.0030609788359788363
Guadalajara,5,Saturday,8,1.197169474969475,0.0227543313621745,0.010720175518925517,40.55210055096419,0.0032206694271911663
Guadalajara,5,Saturday,9,0.914767902930403,0.01976117335823218,0.019135349511599512,40.51896294082486,0.0032297041146555714
Guadalajara,5,Saturday,10,0.725142322954823,0.016044872393401806,0.029361085164835165,32.787661420500406,0.0028979561565726612
Guadalajara,5,Saturday,11,0.6167787698412699,0.013120536362693225,0.03906996642246642,26.04699879951981,0.0026579365079365085
Guadalajara,5,Saturday,12,0.5693472374847375,0.010806888681398485,0.04711891788766789,22.328511904761903,0.0024446659731853907
Guadalajara,5,Saturday,13,0.5432408577533577,0.009401532835356365,0.052600195360195355,21.024302649930267,0.002276298351055633
Guadalajara,5,Saturday,14,0.5316578296703297,0.008748651312376803,0.0549484768009768,20.24609843937575,0.0021823913546000925
Guadalajara,5,Saturday,15,0.5300346153846154,0.008408356676003734,0.05501428266178266,19.515384615384615,0.002126593080597935
Guadalajara,5,Saturday,16,0.5385304792429793,0.008440494345886503,0.05271804792429793,19.074914965986395,0.00208871359223301
Guadalajara,5,Saturday,17,0.5647785714285715,0.009267265795206972,0.04843396825396825,19.137565026010403,0.0020789335799044537
Guadalajara,5,Saturday,18,0.6734927780818586,0.013470015043054258,0.03976379578754579,20.83984059725585,0.002088817958745495
Guadalajara,5,Saturday,19,0.8456454114212735,0.0172185755783795,0.030305054945054945,24.924614700652043,0.002181124913733609
Guadalajara,5,Saturday,20,0.9382224046706805,0.019333774250440916,0.024337899877899877,29.99262400793651,0.0023398282340311325
Guadalajara,5,Saturday,21,0.9626089825457641,0.019482059860981428,0.02145720695970696,31.217063492063495,0.0024014060592185593
Guadalajara,5,Saturday,22,0.9460021437693852,0.018484430438842205,0.020026285103785103,30.233417658730158,0.0024904342185592186
Guadalajara,5,Saturday,23,0.8947751626832087,0.016878356157277726,0.019543911782661783,28.592251900760303,0.0024598767551892555
Guadalajara,6,Sunday,0,0.8536270753512133,0.015929131652661067,0.019113641636141637,25.95677966101695,0.0024010466988727856
Guadalajara,6,Sunday,1,0.8100534726023232,0.014269940476190478,0.018092411477411478,25.831519026824704,0.002385917490989955
Guadalajara,6,Sunday,2,0.792686121919585,0.01344089141175234,0.017094469149527516,25.983723316912975,0.0023559214092140923
Guadalajara,6,Sunday,3,0.7838147539986621,0.013106852370577862,0.016229134615384614,25.563246569814368,0.002308256652097232
Guadalajara,6,Sunday,4,0.8024294532627866,0.01344171335200747,0.014836129426129427,26.34601667671288,0.002312029368913427
Guadalajara,6,Sunday,5,0.8680792586510978,0.015414301482182277,0.012564841882699025,27.88973589435774,0.0023926443524269615
Guadalajara,6,Sunday,6,1.0174491120841695,0.01747798786181139,0.00996279304029304,31.177556761101062,0.0025319645732689213
Guadalajara,6,Sunday,7,1.1960398649881407,0.020057923539786283,0.008804050989765276,34.12368447378952,0.0027149106663599417
Guadalajara,6,Sunday,8,1.090018320866022,0.019415598091088285,0.01298862026862027,36.77105686156319,0.0028597097615213557
Guadalajara,6,Sunday,9,0.7928757525998905,0.015567374727668845,0.022601135531135533,34.710481256332315,0.0028439862740587377
Guadalajara,6,Sunday,10,0.6344326917229216,0.011922523083307398,0.03266344627594628,27.71888044579534,0.002634272678475577
Guadalajara,6,Sunday,11,0.5616381742990938,0.009455099076667703,0.04117255647130647,21.66029684601113,0.002426930450118856
Guadalajara,6,Sunday,12,0.5233810131971052,0.008107153231663035,0.04756890262515263,18.474083850931677,0.0022596905912123304
Guadalajara,6,Sunday,13,0.49370800644651214,0.007422987343085382,0.050977615995116,17.176417473769167,0.002160240779081359
Guadalajara,6,Sunday,14,0.48899557562488594,0.006944314762942214,0.05177228174603175,16.38658561296859,0.002071675868414999
Guadalajara,6,Sunday,15,0.49276175272152284,0.0066974323062558355,0.05134889346764347,15.996662596662597,0.0020158921861820416
Guadalajara,6,Sunday,16,0.5006657240162987,0.00683641975308642,0.04979965048840049,17.090711284513805,0.002020201671650947
Guadalajara,6,Sunday,17,0.5144526090129539,0.007638139329805996,0.04613670787545787,17.299013024013025,0.0019800686297063107
Guadalajara,6,Sunday,18,0.6157251870096698,0.01156656032783484,0.03841962912087912,18.555666063893913,0.0019898934130818187
Guadalajara,6,Sunday,19,0.7604532019704433,0.015614233841684822,0.02970189713064713,22.117572028811527,0.0021174660685530254
Guadalajara,6,Sunday,20,0.8467148482636988,0.017888201576927068,0.024079406288156288,24.90619147240486,0.002214751552795031
Guadalajara,6,Sunday,21,0.8906971811713191,0.018348565722585333,0.021194569597069595,26.27979217110573,0.0022775515681312786
Guadalajara,6,Sunday,22,0.8748889497050417,0.017058271086212263,0.020110050366300366,26.982122679580304,0.0023705448201825014
Guadalajara,6,Sunday,23,0.821103524296053,0.015575251582114329,0.019600343406593407,25.73199152542373,0.002373767349129668
Monterrey,0,Monday,0,1.3175802167667403,0.012946526545350076,0.020290040942663894,18.88081881688439,0.004597627245250197
Monterrey,0,Monday,1,1.2623738182847377,0.011888771573254332,0.019672519945443268,18.478759570213242,0.004561792130482227
Monterrey,0,Monday,2,1.2171134373289547,0.011341277560243078,0.01888093288500637,18.12894709124741,0.004502391103748931
Monterrey,0,Monday,3,1.1880388144209983,0.011242777082432254,0.017926460378457184,17.579346168563422,0.004455679943060135
Monterrey,0,Monday,4,1.1653981804700195,0.011509073174590417,0.016774915242726746,17.40049002293411,0.004419124352750551
Monterrey,0,Monday,5,1.1702143755563297,0.012425275490792732,0.014961352775729773,17.79488798386562,0.00438509515865746
Monterrey,0,Monday,6,1.2210086538621021,0.014422111349697559,0.012494653004077925,18.492226091267625,0.004395931757273611
Monterrey,0,Monday,7,1.348530864303853,0.016351173985656747,0.010523006040817543,19.863411774593885,0.004477569200412652
Monterrey,0,Monday,8,1.498869748174346,0.01715699970527557,0.0112763263183391,21.052519090777878,0.004658106607627375
Monterrey,0,Monday,9,1.4939058391587128,0.017144130773441117,0.0153381047371432,21.716279327701056,0.0051104569108562726
Monterrey,0,Monday,10,1.4090638647219107,0.0168639545001614,0.02182238570800871,22.31231572829017,0.005664848366046449
Monterrey,0,Monday,11,1.3531994668805014,0.0160814870952802,0.029593971098124453,23.09516797543954,0.006121729920771455
Monterrey,0,Monday,12,1.3127518994415546,0.015088179955421336,0.0376695659239589,22.96508674144457,0.006365894444568566
Monterrey,0,Monday,13,1.286263522343982,0.013767187346497692,0.044109563359962724,22.86530575388403,0.006330061977426195
Monterrey,0,Monday,14,1.2532255752974144,0.012615679768949001,0.0474735824346048,21.953885899333184,0.006331245139312232
Monterrey,0,Monday,15,1.2315757686332398,0.01141270800293789,0.04799246209949086,20.847523163737222,0.0060912985931356545
Monterrey,0,Monday,16,1.2137537215870549,0.010923611509818406,0.04604479663041963,19.932480166266107,0.005916422484154114
Monterrey,0,Monday,17,1.2142505072620016,0.011138021812159744,0.042471660315190674,18.78357160234157,0.005701901816678175
Monterrey,0,Monday,18,1.2395013307254688,0.01265095855613097,0.03680112103019451,18.334639801093473,0.005454389495843171
Monterrey,0,Monday,19,1.2943607104900208,0.015010368686230758,0.030227919950124426,17.83827689882003,0.005144275621432172
Monterrey,0,Monday,20,1.335501384737017,0.016629306006892216,0.025104611230090466,18.125219305011637,0.004838380212262002
Monterrey,0,Monday,21,1.346333491434066,0.016385802703044083,0.022286991070697145,18.747389121350782,0.004760330475346451
Monterrey,0,Monday,22,1.3416217260814962,0.015654660154660157,0.020683558294740403,19.06519572901362,0.004746623380169707
Monterrey,0,Monday,23,1.3242029479673156,0.014679399655261726,0.02003991784750571,18.793829076496806,0.004659032217338927
Monterrey,1,Tuesday,0,1.2779051426482528,0.013623371555980254,0.019784053209217684,18.479203627147708,0.004616289494496732
Monterrey,1,Tuesday,1,1.2413629309621677,0.012594653628813934,0.019471781085156882,18.549871333549678,0.0046260769220164135
Monterrey,1,Tuesday,2,1.1972663380936281,0.012034626950657486,0.018773925676234593,19.008192753813773,0.00458325050745433
Monterrey,1,Tuesday,3,1.1650662465185366,0.011858855648168626,0.01781620355935643,18.762442979879285,0.004476488417810074
Monterrey,1,Tuesday,4,1.1491886174681978,0.011926440925486727,0.016666588533547133,18.706716310936056,0.004427444848145485
Monterrey,1,Tuesday,5,1.1491117670497442,0.012741999857648713,0.015021054273044718,18.883409354269226,0.004441095829153154
Monterrey,1,Tuesday,6,1.1982553277934958,0.01456571367563734,0.01275584877790292,19.526128400969164,0.004408628703214691
Monterrey,1,Tuesday,7,1.3218147986449513,0.01662638665405841,0.010856578471068917,20.389796252933195,0.004474975811520398
Monterrey,1,Tuesday,8,1.485550283791696,0.01775008433042784,0.011398568045542568,21.655392767176206,0.004697867781546126
Monterrey,1,Tuesday,9,1.5038635508893143,0.017888748147526775,0.015386388823490733,22.83517348716393,0.005085597276043136
Monterrey,1,Tuesday,10,1.425160405010596,0.017749612728238683,0.021512409220291386,23.61611033163581,0.005492447273179758
Monterrey,1,Tuesday,11,1.363951818325864,0.016843454310695692,0.029484085093957706,24.185769255514476,0.005962805347518724
Monterrey,1,Tuesday,12,1.3143947206313618,0.01549468095517714,0.03796288798780837,24.029218172132186,0.006395606505670404
Monterrey,1,Tuesday,13,1.2790862679517259,0.013926248497050025,0.044542221950024496,23.479965779089984,0.006429361632705583
Monterrey,1,Tuesday,14,1.2449687086662278,0.012647756060733161,0.04805454126552853,22.41847230087676,0.006361112215809669
Monterrey,1,Tuesday,15,1.217933349517319,0.01160424321225848,0.048219679312195236,21.38891112426144,0.006248552456036533
Monterrey,1,Tuesday,16,1.2027766496650085,0.011112520558322085,0.04674595478831148,20.48316775227603,0.0060538168307276595
Monterrey,1,Tuesday,17,1.2022851682162028,0.011274859942101322,0.043253048681882546,19.433079167903447,0.0058256313973566376
Monterrey,1,Tuesday,18,1.2266132463804218,0.012839462198082888,0.0372692757613936,18.60850518024085,0.005472660964301092
Monterrey,1,Tuesday,19,1.28514685844266,0.015466020239302682,0.030414135996699693,18.53839561888925,0.005012515686719509
Monterrey,1,Tuesday,20,1.3275388630665348,0.016837327685037613,0.025357835953855063,18.59436688576816,0.004769821296891361
Monterrey,1,Tuesday,21,1.336943501049417,0.016995358013487786,0.022571748925172493,19.650309563048417,0.004758334535245363
Monterrey,1,Tuesday,22,1.319086153880047,0.015846433464754076,0.02131909150651189,20.076894195684,0.0047117584026023515
Monterrey,1,Tuesday,23,1.2936476599177749,0.014521760614864064,0.020755327030087416,19.95786030618299,0.004671752165122773
Monterrey,2,Wednesday,0,1.232802349941455,0.013621522399169458,0.020263294512314123,19.038705964683164,0.004596817731671152
Monterrey,2,Wednesday,1,1.2030874343834115,0.012710416531106187,0.01952622851943938,18.745000969921097,0.004587863059907789
Monterrey,2,Wednesday,2,1.1703780427745945,0.01239573568194258,0.01862106213807492,18.582337391043463,0.004483412930697276
Monterrey,2,Wednesday,3,1.1453290966164529,0.01209751147107469,0.017716616184667303,18.48872157306662,0.004444856075766619
Monterrey,2,Wednesday,4,1.1295189746396643,0.012253311630897839,0.016693249109782655,18.635941765015247,0.004371135591423132
Monterrey,2,Wednesday,5,1.1409780777970433,0.013133541447909266,0.014987240829812717,18.87646611464503,0.004393354276181752
Monterrey,2,Wednesday,6,1.1922722657291622,0.015023311107793867,0.012645383264233104,19.614641721430857,0.0043612642948106205
Monterrey,2,Wednesday,7,1.312731482651023,0.016994773744773747,0.010842487367088007,20.691512800298746,0.0044004813964877865
Monterrey,2,Wednesday,8,1.4549796661405858,0.017743577750474304,0.011520740087034017,21.748369282474712,0.004540521689882713
Monterrey,2,Wednesday,9,1.4552200678206426,0.017472825443786984,0.01558142047589163,22.62823699197501,0.00486812813255121
Monterrey,2,Wednesday,10,1.3794722317911974,0.016714854813130675,0.022006703998876526,23.624191312769586,0.005380884043184363
Monterrey,2,Wednesday,11,1.322121062313591,0.015702664449216176,0.02997302838269292,24.027035158664553,0.005650530655003499
Monterrey,2,Wednesday,12,1.2848397567736647,0.014470874208805244,0.03807792367377032,23.98144030268631,0.005781764038233687
Monterrey,2,Wednesday,13,1.2600578982533006,0.013415753658857109,0.04462984951683035,23.709136408497432,0.0058762893744523145
Monterrey,2,Wednesday,14,1.2301333992930148,0.012231999859115245,0.04838722890357506,22.99491425597195,0.005801834979479211
Monterrey,2,Wednesday,15,1.2066075837742505,0.01143823768823769,0.048863202319512224,21.988656409263438,0.005620493253640219
Monterrey,2,Wednesday,16,1.1918760353099433,0.011035378861240931,0.04673385128361167,20.96084072122411,0.005513226558673843
Monterrey,2,Wednesday,17,1.1945685295473756,0.011352175388713852,0.043219067711135026,19.965649610361147,0.005307567966221813
Monterrey,2,Wednesday,18,1.2259435743056433,0.012843834883065654,0.03785566508393985,19.59189703622611,0.005167706042626171
Monterrey,2,Wednesday,19,1.280655172839081,0.01515764950247709,0.03126214768547037,19.402867331461582,0.004939152921980398
Monterrey,2,Wednesday,20,1.3167833144930847,0.0168580603370988,0.02610085232481399,19.63820733756836,0.0047850849895578335
Monterrey,2,Wednesday,21,1.3312876437100574,0.017021591626764043,0.02326926163116259,20.472744277376865,0.0046597081565931415
Monterrey,2,Wednesday,22,1.324920223879994,0.016269631454114215,0.02156031011054973,20.85435129300944,0.004606270947724622
Monterrey,2,Wednesday,23,1.3035738343180872,0.015055089610262026,0.020835714844261173,20.415332076514183,0.004654194687102035
Monterrey,3,Thursday,0,1.2660648345118932,0.014015720041113743,0.02007502422650449,20.127867838407052,0.004619244516867468
Monterrey,3,Thursday,1,1.209611397648754,0.013155819404095269,0.019337173059457407,19.593258046532807,0.0046612496218726256
Monterrey,3,Thursday,2,1.1744934350451592,0.012880869513628136,0.018283090188122138,19.55022406595889,0.004507076195015492
Monterrey,3,Thursday,3,1.1523544711992988,0.012513466035879831,0.01725109292553382,19.402675164735868,0.0044284844991714
Monterrey,3,Thursday,4,1.1360017667517668,0.012727905108939593,0.016330706247958644,19.521025486760312,0.0044481450569309995
Monterrey,3,Thursday,5,1.138413904741491,0.013292845341121204,0.015008385739216411,19.67228725303805,0.004386239612357823
Monterrey,3,Thursday,6,1.1877105029921122,0.014816779644365853,0.012832520496897494,20.08424910198073,0.004396554022831979
Monterrey,3,Thursday,7,1.320604467052743,0.016889591315453385,0.010794871697347736,21.47515335215016,0.0044663387198530975
Monterrey,3,Thursday,8,1.4774519482220632,0.017947162926473272,0.011622474685413983,22.588124867677585,0.004652673187657214
Monterrey,3,Thursday,9,1.4668612780365655,0.017975264645954305,0.015826378733088,23.45923627313404,0.005010770849668614
Monterrey,3,Thursday,10,1.3904450643013861,0.01735481919102609,0.022373063358366876,24.338188577485703,0.005502737402817275
Monterrey,3,Thursday,11,1.3470639720007536,0.016275015087084056,0.030132070698204887,24.83988597487,0.005856790564777786
Monterrey,3,Thursday,12,1.3035104953581966,0.014930370906232976,0.03830404523591425,24.82996950688644,0.0059780305335417165
Monterrey,3,Thursday,13,1.2704236659466543,0.013611773539359748,0.04477653118092416,24.10301598472525,0.006027709475473054
Monterrey,3,Thursday,14,1.243908890492224,0.012672856071131935,0.04816502158650721,23.126497198222438,0.005925595357783857
Monterrey,3,Thursday,15,1.2190876055617434,0.012036774591947007,0.048899521334185875,22.10960827422489,0.005861359770864563
Monterrey,3,Thursday,16,1.2089828862070242,0.01167279763659074,0.0473308378522436,21.228461855858022,0.005773426192196161
Monterrey,3,Thursday,17,1.211887381350025,0.011950530950530952,0.043423476097916996,20.079827281344855,0.005639242395871789
Monterrey,3,Thursday,18,1.2427602813321204,0.013457300107300108,0.03747510027246449,19.43282921373976,0.0053111191701447295
Monterrey,3,Thursday,19,1.3020644041994616,0.015782935263969747,0.030727197403235745,19.095241056423163,0.005013068445576433
Monterrey,3,Thursday,20,1.3382760208076299,0.017086496708910503,0.025795158196436158,18.84967309935361,0.004768616305597137
Monterrey,3,Thursday,21,1.3534321288545426,0.01705042766939319,0.022956407038116303,19.267346852650366,0.004713902152160938
Monterrey,3,Thursday,22,1.335806758269402,0.016119286907217943,0.021416347984638723,19.947876883499887,0.004654467054067694
Monterrey,3,Thursday,23,1.316680428022382,0.015001565548117273,0.020312167039563206,19.787604709809184,0.004602487200410523
Monterrey,4,Friday,0,1.2642385135643008,0.01383805526484098,0.01961003087574749,19.3595543254857,0.004503974167908594
Monterrey,4,Friday,1,1.2216978442497675,0.01287988940546633,0.01923393177642379,19.143105252929534,0.004584912114864192
Monterrey,4,Friday,2,1.1882543296447141,0.01255956977385549,0.01842021492884113,18.95909476572416,0.004548381313397289
Monterrey,4,Friday,3,1.1566416670935902,0.012243085055969672,0.017547669795593118,18.862583015138924,0.0044423546368434555
Monterrey,4,Friday,4,1.1417420891074739,0.012382967737390815,0.01640596421682684,19.08558714093858,0.004355034910066859
Monterrey,4,Friday,5,1.1455940466584698,0.013081329439790979,0.014906491387561675,19.31864566033895,0.004347991731378313
Monterrey,4,Friday,6,1.2004064910516834,0.014950708778401087,0.01250766393705691,20.092356232691696,0.004391020348128975
Monterrey,4,Friday,7,1.328382929997353,0.01707527030661646,0.01055716753072983,21.1416044817802,0.0045188685648749555
Monterrey,4,Friday,8,1.4764159450592143,0.017599111721611722,0.011422004326876532,22.358108895009853,0.004682983417008976
Monterrey,4,Friday,9,1.471974381281112,0.017790267681036913,0.01550508180140768,23.416012652594123,0.005075236699757467
Monterrey,4,Friday,10,1.3901786778392546,0.01772092983939138,0.021884285762161164,24.154620069316554,0.005450543687764135
Monterrey,4,Friday,11,1.3340904381942844,0.016694143228566306,0.029976361001440875,24.498230115642254,0.005853004893579974
Monterrey,4,Friday,12,1.2944733537829691,0.015292614821076361,0.038161102927955964,24.306417074228577,0.0060965948499494835
Monterrey,4,Friday,13,1.260392410687603,0.01382561637080868,0.04450371683694368,23.68556987031428,0.006187293200232497
Monterrey,4,Friday,14,1.235344355324163,0.01259305297266836,0.04776420851955996,22.843219311749664,0.0059843780465186226
Monterrey,4,Friday,15,1.2186927275715735,0.011810722802838187,0.04793107409097824,21.71256308476756,0.005936077864272753
Monterrey,4,Friday,16,1.206042649871496,0.011470788954635108,0.046239018755472434,20.789870619263592,0.005891785743542932
Monterrey,4,Friday,17,1.2129031619022004,0.01170699140602987,0.04269361086198147,19.887214746559795,0.00577620584066271
Monterrey,4,Friday,18,1.2416972512530207,0.013138081149619613,0.037063795522900955,19.222243509064594,0.005475989620957672
Monterrey,4,Friday,19,1.2995114236191159,0.015436041842772613,0.03036923808353521,19.23941093517771,0.005150987227185311
Monterrey,4,Friday,20,1.3511862018323555,0.01676148985629755,0.025259646689838385,19.489993792150344,0.0048778273465973155
Monterrey,4,Friday,21,1.3617607629549937,0.016793510848126234,0.022547267961005982,20.468163483658692,0.004743354701741283
Monterrey,4,Friday,22,1.3488636045578353,0.016056414499271643,0.021175862449584495,21.035581555469733,0.004701286838826775
Monterrey,4,Friday,23,1.3286070074156613,0.014755311483388408,0.02047593978616343,20.82132812164761,0.0046490221705876664
Monterrey,5,Saturday,0,1.2981441655889332,0.01344274124313187,0.019936450886775564,20.36640368800563,0.004641470117440992
Monterrey,5,Saturday,1,1.2481175071203807,0.012768696884214127,0.019253144858336554,19.853335961163435,0.004684915386353086
Monterrey,5,Saturday,2,1.2069079462470267,0.01238242019793744,0.01863908475266303,19.41347654830083,0.0046262411532379585
Monterrey,5,Saturday,3,1.1769094865330496,0.011997078528113011,0.01764798227154457,19.020573090381397,0.004570936562549982
Monterrey,5,Saturday,4,1.157659252412126,0.012082254590875282,0.016735319047299878,18.833760178408742,0.004478147535815268
Monterrey,5,Saturday,5,1.154958205587516,0.012516210162761889,0.015417448259940273,18.61041347718664,0.004429825800752319
Monterrey,5,Saturday,6,1.1801233943791414,0.01406514799303261,0.01339701877538416,19.167177391298797,0.004426809798295422
Monterrey,5,Saturday,7,1.2579088477508018,0.015677182842700085,0.01176202225179861,20.16147765085465,0.004450279034064977
Monterrey,5,Saturday,8,1.3479096876941703,0.01632329094915302,0.012559445719349874,20.943042615886068,0.004584198894821898
Monterrey,5,Saturday,9,1.3801635801405916,0.01644227120261603,0.01656273290075207,21.615133047641034,0.004971492981636752
Monterrey,5,Saturday,10,1.3430990908835736,0.016099874391253703,0.022855528443867103,22.649781235803598,0.0053715797691836036
Monterrey,5,Saturday,11,1.3131462567870613,0.015198489122627055,0.030712740826798337,23.052175371664188,0.00582640549014351
Monterrey,5,Saturday,12,1.2799545348223509,0.014043153972464318,0.03874886784319692,23.212893496280078,0.006072016003166163
Monterrey,5,Saturday,13,1.2562059038237199,0.012664735519907934,0.04483348920337739,22.976359538579988,0.006214003444195138
Monterrey,5,Saturday,14,1.235710114172758,0.011605399772641153,0.04780039122219634,22.10897430577942,0.005954424639967771
Monterrey,5,Saturday,15,1.221734253294598,0.01080493778252399,0.048275216627532924,21.41104209067468,0.00579836085994233
Monterrey,5,Saturday,16,1.2065777050748314,0.010342228014641809,0.04649056412171428,20.75994162919083,0.00562641362896954
Monterrey,5,Saturday,17,1.2020764646166944,0.010287912789636927,0.042826401473925434,19.863472044462462,0.0053904547085857
Monterrey,5,Saturday,18,1.2112333408396627,0.011345998764964282,0.03795651643351324,19.346478477149404,0.00527979360008114
Monterrey,5,Saturday,19,1.266924680661219,0.013416595904095904,0.03179514462567347,19.628000231606,0.00506463100645793
Monterrey,5,Saturday,20,1.3386884116309403,0.015282117180393044,0.026485742080071154,20.734544014735707,0.004753587919003255
Monterrey,5,Saturday,21,1.3791609059310208,0.015571432080052771,0.0233381704025474,22.340929092207045,0.004716854834905954
Monterrey,5,Saturday,22,1.3874410716996923,0.015015395460223048,0.02156901821997669,23.877584618079826,0.00465246086004872
Monterrey,5,Saturday,23,1.3758733417497786,0.013971858218409943,0.020733853358214382,23.342669346982444,0.0046300154229866695
Monterrey,6,Sunday,0,1.3462839620232199,0.013186573622455976,0.019739286485119818,22.02350162504886,0.0046440635278583164
Monterrey,6,Sunday,1,1.3164300265507163,0.012713722165446304,0.018773216976491737,21.333213352143062,0.004611428995214938
Monterrey,6,Sunday,2,1.2777142311711278,0.01246300808166193,0.018017931589177597,20.098752702746314,0.004558768450222125
Monterrey,6,Sunday,3,1.2421830666141012,0.012057158741641502,0.017226170563550757,19.147603869329107,0.004449769479721557
Monterrey,6,Sunday,4,1.2157446170262263,0.011727503190721583,0.016542442390765074,19.0213915566152,0.004416670478970799
Monterrey,6,Sunday,5,1.1994275940109274,0.011792541175299797,0.015684921769746053,18.94107880050372,0.004420753190721242
Monterrey,6,Sunday,6,1.1968179895958742,0.012448267505164057,0.014314787484436046,18.951621887165018,0.0043483945678035145
Monterrey,6,Sunday,7,1.2290168484134,0.013255411000238587,0.013475802676202037,19.257550587502664,0.004405790411221721
Monterrey,6,Sunday,8,1.2691600379186585,0.013207816959541097,0.014685167769752436,19.610683796147057,0.004524341561881498
Monterrey,6,Sunday,9,1.2767011349655029,0.012751890574304368,0.01915402706984177,20.1029134692074,0.004967656855037047
Monterrey,6,Sunday,10,1.258800119739775,0.012047555649478727,0.025773021821983485,20.9096083540173,0.005510161980369649
Monterrey,6,Sunday,11,1.2385301114381573,0.011521383980004669,0.033343469948581776,21.41364822610829,0.005927126795816892
Monterrey,6,Sunday,12,1.2269495632081837,0.010868953205160103,0.04092505276051602,21.3582578408457,0.006146558438012113
Monterrey,6,Sunday,13,1.2088512342276712,0.010143973076731698,0.04680865195330052,21.378258527060442,0.006249046489541697
Monterrey,6,Sunday,14,1.1952389402849175,0.009538253126184162,0.04961515880285849,21.00027655163438,0.005991746671858493
Monterrey,6,Sunday,15,1.1836515440710842,0.009134679241575794,0.05000819767736701,20.142721584414875,0.005881098995076631
Monterrey,6,Sunday,16,1.1740425280339073,0.008688337588337588,0.04847436689153942,19.37062765952542,0.00569707978390087
Monterrey,6,Sunday,17,1.1751311532231072,0.008707089526055043,0.04510861781101398,18.599716479828302,0.005433859502230109
Monterrey,6,Sunday,18,1.1964713570805525,0.009423479713134886,0.04019087682817715,18.616470492588704,0.00522394022378048
Monterrey,6,Sunday,19,1.2479986286595481,0.011494319473629819,0.03370737638293549,19.128246682320164,0.005030566735359068
Monterrey,6,Sunday,20,1.3146824831192647,0.013615176904832077,0.02815313195856327,19.676393512415878,0.004745585139035619
Monterrey,6,Sunday,21,1.3569234343774572,0.014488971820006304,0.024534372842280192,20.453288147776963,0.004738055607863915
Monterrey,6,Sunday,22,1.3641238615577698,0.01423942219976703,0.022445720795001945,20.637054328348256,0.004689042205575752
Monterrey,6,Sunday,23,1.3671461349421121,0.01373167879374776,0.021171104241871016,19.76233210346629,0.004637389890904268
